{"cameraMode":{"drawMode":0,"name":"Shaded","section":"Shading Mode"},"sceneLighting":true,"audioPlay":false,"sceneViewState":{"m_AlwaysRefresh":false,"showFog":true,"showSkybox":true,"showFlares":true,"showImageEffects":true,"showParticleSystems":true,"showVisualEffectGraphs":true,"m_FxEnabled":true},"in2DMode":false,"pivot":{"x":13.629490852355957,"y":1.6299771070480347,"z":10.564903259277344},"rotation":{"x":-0.0028929777909070255,"y":0.9970699548721314,"z":-0.05839517340064049,"w":-0.04939483478665352},"size":0.8037412762641907,"orthographic":true}