{"cameraMode":{"drawMode":0,"name":"Shaded","section":"Shading Mode"},"sceneLighting":false,"audioPlay":false,"sceneViewState":{"m_AlwaysRefresh":false,"showFog":false,"showSkybox":false,"showFlares":false,"showImageEffects":false,"showParticleSystems":false,"showVisualEffectGraphs":true,"m_FxEnabled":true},"in2DMode":false,"pivot":{"x":-0.16376692056655885,"y":-0.03925198316574097,"z":-0.019378185272216798},"rotation":{"x":0.008921267464756966,"y":0.9902600049972534,"z":-0.11639200896024704,"w":0.07590307295322418},"size":0.8660253882408142,"orthographic":true}