{"cameraMode":{"drawMode":0,"name":"Shaded","section":"Shading Mode"},"sceneLighting":false,"audioPlay":false,"sceneViewState":{"m_AlwaysRefresh":false,"showFog":false,"showSkybox":false,"showFlares":false,"showImageEffects":false,"showParticleSystems":false,"showVisualEffectGraphs":true,"m_FxEnabled":true},"in2DMode":false,"pivot":{"x":-3.8050107955932619,"y":9.359771728515625,"z":-0.3199218511581421},"rotation":{"x":-0.0046874783001840118,"y":0.9932340979576111,"z":-0.10768835991621018,"w":-0.04323287308216095},"size":10.635544776916504,"orthographic":true}