{"cameraMode":{"drawMode":0,"name":"Shaded","section":"Shading Mode"},"sceneLighting":false,"audioPlay":false,"sceneViewState":{"m_AlwaysRefresh":false,"showFog":false,"showSkybox":false,"showFlares":false,"showImageEffects":false,"showParticleSystems":false,"showVisualEffectGraphs":true,"m_FxEnabled":true},"in2DMode":false,"pivot":{"x":-0.38334622979164126,"y":0.32246267795562746,"z":-0.8271472454071045},"rotation":{"x":-0.00022398486908059567,"y":0.9973968267440796,"z":-0.07193756103515625,"w":-0.002991017419844866},"size":1.8630975484848023,"orthographic":true}